filiados_dem_ac.zip;n
filiados_dem_al.zip;n
filiados_dem_am.zip;n
filiados_dem_ap.zip;n
filiados_dem_ba.zip;n
filiados_dem_ce.zip;n
filiados_dem_df.zip;n
filiados_dem_es.zip;n
filiados_dem_go.zip;n
filiados_dem_ma.zip;n
filiados_dem_ms.zip;n
filiados_dem_mt.zip;n
filiados_dem_pa.zip;n
filiados_dem_pb.zip;n
filiados_dem_pe.zip;n
filiados_dem_pi.zip;n
filiados_dem_pr.zip;n
filiados_dem_rj.zip;n
filiados_dem_rn.zip;n
filiados_dem_ro.zip;n
filiados_dem_rr.zip;n
filiados_dem_rs.zip;n
filiados_dem_sc.zip;n
filiados_dem_se.zip;n
filiados_dem_sp.zip;n
filiados_dem_to.zip;n
filiados_novo_ac.zip;n
filiados_novo_al.zip;n
filiados_novo_am.zip;n
filiados_novo_ap.zip;n
filiados_novo_ba.zip;n
filiados_novo_ce.zip;n
filiados_novo_df.zip;n
filiados_novo_es.zip;n
filiados_novo_go.zip;n
filiados_novo_ma.zip;n
filiados_novo_ms.zip;n
filiados_novo_mt.zip;n
filiados_novo_pa.zip;n
filiados_novo_pb.zip;n
filiados_novo_pe.zip;n
filiados_novo_pi.zip;n
filiados_novo_pr.zip;n
filiados_novo_rj.zip;n
filiados_novo_rn.zip;n
filiados_novo_ro.zip;n
filiados_novo_rr.zip;n
filiados_novo_rs.zip;n
filiados_novo_sc.zip;n
filiados_novo_se.zip;n
filiados_novo_sp.zip;n
filiados_novo_to.zip;n
filiados_pen_ac.zip;n
filiados_pen_al.zip;n
filiados_pen_am.zip;n
filiados_pen_ap.zip;n
filiados_pen_ba.zip;n
filiados_pen_ce.zip;n
filiados_pen_df.zip;n
filiados_pen_es.zip;n
filiados_pen_go.zip;n
filiados_pen_ma.zip;n
filiados_pen_ms.zip;n
filiados_pen_mt.zip;n
filiados_pen_pa.zip;n
filiados_pen_pb.zip;n
filiados_pen_pe.zip;n
filiados_pen_pi.zip;n
filiados_pen_pr.zip;n
filiados_pen_rj.zip;n
filiados_pen_rn.zip;n
filiados_pen_ro.zip;n
filiados_pen_rr.zip;n
filiados_pen_rs.zip;n
filiados_pen_sc.zip;n
filiados_pen_se.zip;n
filiados_pen_sp.zip;n
filiados_pen_to.zip;n
filiados_pc_do_b_ac.zip;n
filiados_pc_do_b_al.zip;n
filiados_pc_do_b_am.zip;n
filiados_pc_do_b_ap.zip;n
filiados_pc_do_b_ba.zip;n
filiados_pc_do_b_ce.zip;n
filiados_pc_do_b_df.zip;n
filiados_pc_do_b_es.zip;n
filiados_pc_do_b_go.zip;n
filiados_pc_do_b_ma.zip;n
filiados_pc_do_b_ms.zip;n
filiados_pc_do_b_mt.zip;n
filiados_pc_do_b_pa.zip;n
filiados_pc_do_b_pb.zip;n
filiados_pc_do_b_pe.zip;n
filiados_pc_do_b_pi.zip;n
filiados_pc_do_b_pr.zip;n
filiados_pc_do_b_rj.zip;n
filiados_pc_do_b_rn.zip;n
filiados_pc_do_b_ro.zip;n
filiados_pc_do_b_rr.zip;n
filiados_pc_do_b_rs.zip;n
filiados_pc_do_b_sc.zip;n
filiados_pc_do_b_se.zip;n
filiados_pc_do_b_sp.zip;n
filiados_pc_do_b_to.zip;n
filiados_pcb_ac.zip;n
filiados_pcb_al.zip;n
filiados_pcb_am.zip;n
filiados_pcb_ap.zip;n
filiados_pcb_ba.zip;n
filiados_pcb_ce.zip;n
filiados_pcb_df.zip;n
filiados_pcb_es.zip;n
filiados_pcb_go.zip;n
filiados_pcb_ma.zip;n
filiados_pcb_ms.zip;n
filiados_pcb_mt.zip;n
filiados_pcb_pa.zip;n
filiados_pcb_pb.zip;n
filiados_pcb_pe.zip;n
filiados_pcb_pi.zip;n
filiados_pcb_pr.zip;n
filiados_pcb_rj.zip;n
filiados_pcb_rn.zip;n
filiados_pcb_ro.zip;n
filiados_pcb_rr.zip;n
filiados_pcb_rs.zip;n
filiados_pcb_sc.zip;n
filiados_pcb_se.zip;n
filiados_pcb_sp.zip;n
filiados_pcb_to.zip;n
filiados_pco_ac.zip;n
filiados_pco_al.zip;n
filiados_pco_am.zip;n
filiados_pco_ap.zip;n
filiados_pco_ba.zip;n
filiados_pco_ce.zip;n
filiados_pco_df.zip;n
filiados_pco_es.zip;n
filiados_pco_go.zip;n
filiados_pco_ma.zip;n
filiados_pco_ms.zip;n
filiados_pco_mt.zip;n
filiados_pco_pa.zip;n
filiados_pco_pb.zip;n
filiados_pco_pe.zip;n
filiados_pco_pi.zip;n
filiados_pco_pr.zip;n
filiados_pco_rj.zip;n
filiados_pco_rn.zip;n
filiados_pco_ro.zip;n
filiados_pco_rr.zip;n
filiados_pco_rs.zip;n
filiados_pco_sc.zip;n
filiados_pco_se.zip;n
filiados_pco_sp.zip;n
filiados_pco_to.zip;n
filiados_pdt_ac.zip;n
filiados_pdt_al.zip;n
filiados_pdt_am.zip;n
filiados_pdt_ap.zip;n
filiados_pdt_ba.zip;n
filiados_pdt_ce.zip;n
filiados_pdt_df.zip;n
filiados_pdt_es.zip;n
filiados_pdt_go.zip;n
filiados_pdt_ma.zip;n
filiados_pdt_ms.zip;n
filiados_pdt_mt.zip;n
filiados_pdt_pa.zip;n
filiados_pdt_pb.zip;n
filiados_pdt_pe.zip;n
filiados_pdt_pi.zip;n
filiados_pdt_pr.zip;n
filiados_pdt_rj.zip;n
filiados_pdt_rn.zip;n
filiados_pdt_ro.zip;n
filiados_pdt_rr.zip;n
filiados_pdt_rs.zip;n
filiados_pdt_sc.zip;n
filiados_pdt_se.zip;n
filiados_pdt_sp.zip;n
filiados_pdt_to.zip;n
filiados_phs_ac.zip;n
filiados_phs_al.zip;n
filiados_phs_am.zip;n
filiados_phs_ap.zip;n
filiados_phs_ba.zip;n
filiados_phs_ce.zip;n
filiados_phs_df.zip;n
filiados_phs_es.zip;n
filiados_phs_go.zip;n
filiados_phs_ma.zip;n
filiados_phs_ms.zip;n
filiados_phs_mt.zip;n
filiados_phs_pa.zip;n
filiados_phs_pb.zip;n
filiados_phs_pe.zip;n
filiados_phs_pi.zip;n
filiados_phs_pr.zip;n
filiados_phs_rj.zip;n
filiados_phs_rn.zip;n
filiados_phs_ro.zip;n
filiados_phs_rr.zip;n
filiados_phs_rs.zip;n
filiados_phs_sc.zip;n
filiados_phs_se.zip;n
filiados_phs_sp.zip;n
filiados_phs_to.zip;n
filiados_pmdb_ac.zip;n
filiados_pmdb_al.zip;n
filiados_pmdb_am.zip;n
filiados_pmdb_ap.zip;n
filiados_pmdb_ba.zip;n
filiados_pmdb_ce.zip;n
filiados_pmdb_df.zip;n
filiados_pmdb_es.zip;n
filiados_pmdb_go.zip;n
filiados_pmdb_ma.zip;n
filiados_pmdb_ms.zip;n
filiados_pmdb_mt.zip;n
filiados_pmdb_pa.zip;n
filiados_pmdb_pb.zip;n
filiados_pmdb_pe.zip;n
filiados_pmdb_pi.zip;n
filiados_pmdb_pr.zip;n
filiados_pmdb_rj.zip;n
filiados_pmdb_rn.zip;n
filiados_pmdb_ro.zip;n
filiados_pmdb_rr.zip;n
filiados_pmdb_rs.zip;n
filiados_pmdb_sc.zip;n
filiados_pmdb_se.zip;n
filiados_pmdb_sp.zip;n
filiados_pmdb_to.zip;n
filiados_pmn_ac.zip;n
filiados_pmn_al.zip;n
filiados_pmn_am.zip;n
filiados_pmn_ap.zip;n
filiados_pmn_ba.zip;n
filiados_pmn_ce.zip;n
filiados_pmn_df.zip;n
filiados_pmn_es.zip;n
filiados_pmn_go.zip;n
filiados_pmn_ma.zip;n
filiados_pmn_ms.zip;n
filiados_pmn_mt.zip;n
filiados_pmn_pa.zip;n
filiados_pmn_pb.zip;n
filiados_pmn_pe.zip;n
filiados_pmn_pi.zip;n
filiados_pmn_pr.zip;n
filiados_pmn_rj.zip;n
filiados_pmn_rn.zip;n
filiados_pmn_ro.zip;n
filiados_pmn_rr.zip;n
filiados_pmn_rs.zip;n
filiados_pmn_sc.zip;n
filiados_pmn_se.zip;n
filiados_pmn_sp.zip;n
filiados_pmn_to.zip;n
filiados_pp_ac.zip;n
filiados_pp_al.zip;n
filiados_pp_am.zip;n
filiados_pp_ap.zip;n
filiados_pp_ba.zip;n
filiados_pp_ce.zip;n
filiados_pp_df.zip;n
filiados_pp_es.zip;n
filiados_pp_go.zip;n
filiados_pp_ma.zip;n
filiados_pp_ms.zip;n
filiados_pp_mt.zip;n
filiados_pp_pa.zip;n
filiados_pp_pb.zip;n
filiados_pp_pe.zip;n
filiados_pp_pi.zip;n
filiados_pp_pr.zip;n
filiados_pp_rj.zip;n
filiados_pp_rn.zip;n
filiados_pp_ro.zip;n
filiados_pp_rr.zip;n
filiados_pp_rs.zip;n
filiados_pp_sc.zip;n
filiados_pp_se.zip;n
filiados_pp_sp.zip;n
filiados_pp_to.zip;n
filiados_ppl_ac.zip;n
filiados_ppl_al.zip;n
filiados_ppl_am.zip;n
filiados_ppl_ap.zip;n
filiados_ppl_ba.zip;n
filiados_ppl_ce.zip;n
filiados_ppl_df.zip;n
filiados_ppl_es.zip;n
filiados_ppl_go.zip;n
filiados_ppl_ma.zip;n
filiados_ppl_ms.zip;n
filiados_ppl_mt.zip;n
filiados_ppl_pa.zip;n
filiados_ppl_pb.zip;n
filiados_ppl_pe.zip;n
filiados_ppl_pi.zip;n
filiados_ppl_pr.zip;n
filiados_ppl_rj.zip;n
filiados_ppl_rn.zip;n
filiados_ppl_ro.zip;n
filiados_ppl_rr.zip;n
filiados_ppl_rs.zip;n
filiados_ppl_sc.zip;n
filiados_ppl_se.zip;n
filiados_ppl_sp.zip;n
filiados_ppl_to.zip;n
filiados_pps_ac.zip;n
filiados_pps_al.zip;n
filiados_pps_am.zip;n
filiados_pps_ap.zip;n
filiados_pps_ba.zip;n
filiados_pps_ce.zip;n
filiados_pps_df.zip;n
filiados_pps_es.zip;n
filiados_pps_go.zip;n
filiados_pps_ma.zip;n
filiados_pps_ms.zip;n
filiados_pps_mt.zip;n
filiados_pps_pa.zip;n
filiados_pps_pb.zip;n
filiados_pps_pe.zip;n
filiados_pps_pi.zip;n
filiados_pps_pr.zip;n
filiados_pps_rj.zip;n
filiados_pps_rn.zip;n
filiados_pps_ro.zip;n
filiados_pps_rr.zip;n
filiados_pps_rs.zip;n
filiados_pps_sc.zip;n
filiados_pps_se.zip;n
filiados_pps_sp.zip;n
filiados_pps_to.zip;n
filiados_pr_ac.zip;n
filiados_pr_al.zip;n
filiados_pr_am.zip;n
filiados_pr_ap.zip;n
filiados_pr_ba.zip;n
filiados_pr_ce.zip;n
filiados_pr_df.zip;n
filiados_pr_es.zip;n
filiados_pr_go.zip;n
filiados_pr_ma.zip;n
filiados_pr_ms.zip;n
filiados_pr_mt.zip;n
filiados_pr_pa.zip;n
filiados_pr_pb.zip;n
filiados_pr_pe.zip;n
filiados_pr_pi.zip;n
filiados_pr_pr.zip;n
filiados_pr_rj.zip;n
filiados_pr_rn.zip;n
filiados_pr_ro.zip;n
filiados_pr_rr.zip;n
filiados_pr_rs.zip;n
filiados_pr_sc.zip;n
filiados_pr_se.zip;n
filiados_pr_sp.zip;n
filiados_pr_to.zip;n
filiados_prb_ac.zip;n
filiados_prb_al.zip;n
filiados_prb_am.zip;n
filiados_prb_ap.zip;n
filiados_prb_ba.zip;n
filiados_prb_ce.zip;n
filiados_prb_df.zip;n
filiados_prb_es.zip;n
filiados_prb_go.zip;n
filiados_prb_ma.zip;n
filiados_prb_ms.zip;n
filiados_prb_mt.zip;n
filiados_prb_pa.zip;n
filiados_prb_pb.zip;n
filiados_prb_pe.zip;n
filiados_prb_pi.zip;n
filiados_prb_pr.zip;n
filiados_prb_rj.zip;n
filiados_prb_rn.zip;n
filiados_prb_ro.zip;n
filiados_prb_rr.zip;n
filiados_prb_rs.zip;n
filiados_prb_sc.zip;n
filiados_prb_se.zip;n
filiados_prb_sp.zip;n
filiados_prb_to.zip;n
filiados_pros_ac.zip;n
filiados_pros_al.zip;n
filiados_pros_am.zip;n
filiados_pros_ap.zip;n
filiados_pros_ba.zip;n
filiados_pros_ce.zip;n
filiados_pros_df.zip;n
filiados_pros_es.zip;n
filiados_pros_go.zip;n
filiados_pros_ma.zip;n
filiados_pros_ms.zip;n
filiados_pros_mt.zip;n
filiados_pros_pa.zip;n
filiados_pros_pb.zip;n
filiados_pros_pe.zip;n
filiados_pros_pi.zip;n
filiados_pros_pr.zip;n
filiados_pros_rj.zip;n
filiados_pros_rn.zip;n
filiados_pros_ro.zip;n
filiados_pros_rr.zip;n
filiados_pros_rs.zip;n
filiados_pros_sc.zip;n
filiados_pros_se.zip;n
filiados_pros_sp.zip;n
filiados_pros_to.zip;n
filiados_prp_ac.zip;n
filiados_prp_al.zip;n
filiados_prp_am.zip;n
filiados_prp_ap.zip;n
filiados_prp_ba.zip;n
filiados_prp_ce.zip;n
filiados_prp_df.zip;n
filiados_prp_es.zip;n
filiados_prp_go.zip;n
filiados_prp_ma.zip;n
filiados_prp_ms.zip;n
filiados_prp_mt.zip;n
filiados_prp_pa.zip;n
filiados_prp_pb.zip;n
filiados_prp_pe.zip;n
filiados_prp_pi.zip;n
filiados_prp_pr.zip;n
filiados_prp_rj.zip;n
filiados_prp_rn.zip;n
filiados_prp_ro.zip;n
filiados_prp_rr.zip;n
filiados_prp_rs.zip;n
filiados_prp_sc.zip;n
filiados_prp_se.zip;n
filiados_prp_sp.zip;n
filiados_prp_to.zip;n
filiados_prtb_ac.zip;n
filiados_prtb_al.zip;n
filiados_prtb_am.zip;n
filiados_prtb_ap.zip;n
filiados_prtb_ba.zip;n
filiados_prtb_ce.zip;n
filiados_prtb_df.zip;n
filiados_prtb_es.zip;n
filiados_prtb_go.zip;n
filiados_prtb_ma.zip;n
filiados_prtb_ms.zip;n
filiados_prtb_mt.zip;n
filiados_prtb_pa.zip;n
filiados_prtb_pb.zip;n
filiados_prtb_pe.zip;n
filiados_prtb_pi.zip;n
filiados_prtb_pr.zip;n
filiados_prtb_rj.zip;n
filiados_prtb_rn.zip;n
filiados_prtb_ro.zip;n
filiados_prtb_rr.zip;n
filiados_prtb_rs.zip;n
filiados_prtb_sc.zip;n
filiados_prtb_se.zip;n
filiados_prtb_sp.zip;n
filiados_prtb_to.zip;n
filiados_psb_ac.zip;n
filiados_psb_al.zip;n
filiados_psb_am.zip;n
filiados_psb_ap.zip;n
filiados_psb_ba.zip;n
filiados_psb_ce.zip;n
filiados_psb_df.zip;n
filiados_psb_es.zip;n
filiados_psb_go.zip;n
filiados_psb_ma.zip;n
filiados_psb_ms.zip;n
filiados_psb_mt.zip;n
filiados_psb_pa.zip;n
filiados_psb_pb.zip;n
filiados_psb_pe.zip;n
filiados_psb_pi.zip;n
filiados_psb_pr.zip;n
filiados_psb_rj.zip;n
filiados_psb_rn.zip;n
filiados_psb_ro.zip;n
filiados_psb_rr.zip;n
filiados_psb_rs.zip;n
filiados_psb_sc.zip;n
filiados_psb_se.zip;n
filiados_psb_sp.zip;n
filiados_psb_to.zip;n
filiados_psc_ac.zip;n
filiados_psc_al.zip;n
filiados_psc_am.zip;n
filiados_psc_ap.zip;n
filiados_psc_ba.zip;n
filiados_psc_ce.zip;n
filiados_psc_df.zip;n
filiados_psc_es.zip;n
filiados_psc_go.zip;n
filiados_psc_ma.zip;n
filiados_psc_ms.zip;n
filiados_psc_mt.zip;n
filiados_psc_pa.zip;n
filiados_psc_pb.zip;n
filiados_psc_pe.zip;n
filiados_psc_pi.zip;n
filiados_psc_pr.zip;n
filiados_psc_rj.zip;n
filiados_psc_rn.zip;n
filiados_psc_ro.zip;n
filiados_psc_rr.zip;n
filiados_psc_rs.zip;n
filiados_psc_sc.zip;n
filiados_psc_se.zip;n
filiados_psc_sp.zip;n
filiados_psc_to.zip;n
filiados_psd_ac.zip;n
filiados_psd_al.zip;n
filiados_psd_am.zip;n
filiados_psd_ap.zip;n
filiados_psd_ba.zip;n
filiados_psd_ce.zip;n
filiados_psd_df.zip;n
filiados_psd_es.zip;n
filiados_psd_go.zip;n
filiados_psd_ma.zip;n
filiados_psd_ms.zip;n
filiados_psd_mt.zip;n
filiados_psd_pa.zip;n
filiados_psd_pb.zip;n
filiados_psd_pe.zip;n
filiados_psd_pi.zip;n
filiados_psd_pr.zip;n
filiados_psd_rj.zip;n
filiados_psd_rn.zip;n
filiados_psd_ro.zip;n
filiados_psd_rr.zip;n
filiados_psd_rs.zip;n
filiados_psd_sc.zip;n
filiados_psd_se.zip;n
filiados_psd_sp.zip;n
filiados_psd_to.zip;n
filiados_psdb_ac.zip;n
filiados_psdb_al.zip;n
filiados_psdb_am.zip;n
filiados_psdb_ap.zip;n
filiados_psdb_ba.zip;n
filiados_psdb_ce.zip;n
filiados_psdb_df.zip;n
filiados_psdb_es.zip;n
filiados_psdb_go.zip;n
filiados_psdb_ma.zip;n
filiados_psdb_ms.zip;n
filiados_psdb_mt.zip;n
filiados_psdb_pa.zip;n
filiados_psdb_pb.zip;n
filiados_psdb_pe.zip;n
filiados_psdb_pi.zip;n
filiados_psdb_pr.zip;n
filiados_psdb_rj.zip;n
filiados_psdb_rn.zip;n
filiados_psdb_ro.zip;n
filiados_psdb_rr.zip;n
filiados_psdb_rs.zip;n
filiados_psdb_sc.zip;n
filiados_psdb_se.zip;n
filiados_psdb_sp.zip;n
filiados_psdb_to.zip;n
filiados_psdc_ac.zip;n
filiados_psdc_al.zip;n
filiados_psdc_am.zip;n
filiados_psdc_ap.zip;n
filiados_psdc_ba.zip;n
filiados_psdc_ce.zip;n
filiados_psdc_df.zip;n
filiados_psdc_es.zip;n
filiados_psdc_go.zip;n
filiados_psdc_ma.zip;n
filiados_psdc_ms.zip;n
filiados_psdc_mt.zip;n
filiados_psdc_pa.zip;n
filiados_psdc_pb.zip;n
filiados_psdc_pe.zip;n
filiados_psdc_pi.zip;n
filiados_psdc_pr.zip;n
filiados_psdc_rj.zip;n
filiados_psdc_rn.zip;n
filiados_psdc_ro.zip;n
filiados_psdc_rr.zip;n
filiados_psdc_rs.zip;n
filiados_psdc_sc.zip;n
filiados_psdc_se.zip;n
filiados_psdc_sp.zip;n
filiados_psdc_to.zip;n
filiados_psl_ac.zip;n
filiados_psl_al.zip;n
filiados_psl_am.zip;n
filiados_psl_ap.zip;n
filiados_psl_ba.zip;n
filiados_psl_ce.zip;n
filiados_psl_df.zip;n
filiados_psl_es.zip;n
filiados_psl_go.zip;n
filiados_psl_ma.zip;n
filiados_psl_ms.zip;n
filiados_psl_mt.zip;n
filiados_psl_pa.zip;n
filiados_psl_pb.zip;n
filiados_psl_pe.zip;n
filiados_psl_pi.zip;n
filiados_psl_pr.zip;n
filiados_psl_rj.zip;n
filiados_psl_rn.zip;n
filiados_psl_ro.zip;n
filiados_psl_rr.zip;n
filiados_psl_rs.zip;n
filiados_psl_sc.zip;n
filiados_psl_se.zip;n
filiados_psl_sp.zip;n
filiados_psl_to.zip;n
filiados_psol_ac.zip;n
filiados_psol_al.zip;n
filiados_psol_am.zip;n
filiados_psol_ap.zip;n
filiados_psol_ba.zip;n
filiados_psol_ce.zip;n
filiados_psol_df.zip;n
filiados_psol_es.zip;n
filiados_psol_go.zip;n
filiados_psol_ma.zip;n
filiados_psol_ms.zip;n
filiados_psol_mt.zip;n
filiados_psol_pa.zip;n
filiados_psol_pb.zip;n
filiados_psol_pe.zip;n
filiados_psol_pi.zip;n
filiados_psol_pr.zip;n
filiados_psol_rj.zip;n
filiados_psol_rn.zip;n
filiados_psol_ro.zip;n
filiados_psol_rr.zip;n
filiados_psol_rs.zip;n
filiados_psol_sc.zip;n
filiados_psol_se.zip;n
filiados_psol_sp.zip;n
filiados_psol_to.zip;n
filiados_pstu_ac.zip;n
filiados_pstu_al.zip;n
filiados_pstu_am.zip;n
filiados_pstu_ap.zip;n
filiados_pstu_ba.zip;n
filiados_pstu_ce.zip;n
filiados_pstu_df.zip;n
filiados_pstu_es.zip;n
filiados_pstu_go.zip;n
filiados_pstu_ma.zip;n
filiados_pstu_ms.zip;n
filiados_pstu_mt.zip;n
filiados_pstu_pa.zip;n
filiados_pstu_pb.zip;n
filiados_pstu_pe.zip;n
filiados_pstu_pi.zip;n
filiados_pstu_pr.zip;n
filiados_pstu_rj.zip;n
filiados_pstu_rn.zip;n
filiados_pstu_ro.zip;n
filiados_pstu_rr.zip;n
filiados_pstu_rs.zip;n
filiados_pstu_sc.zip;n
filiados_pstu_se.zip;n
filiados_pstu_sp.zip;n
filiados_pstu_to.zip;n
filiados_pt_ac.zip;n
filiados_pt_al.zip;n
filiados_pt_am.zip;n
filiados_pt_ap.zip;n
filiados_pt_ba.zip;n
filiados_pt_ce.zip;n
filiados_pt_df.zip;n
filiados_pt_es.zip;n
filiados_pt_go.zip;n
filiados_pt_ma.zip;n
filiados_pt_ms.zip;n
filiados_pt_mt.zip;n
filiados_pt_pa.zip;n
filiados_pt_pb.zip;n
filiados_pt_pe.zip;n
filiados_pt_pi.zip;n
filiados_pt_pr.zip;n
filiados_pt_rj.zip;n
filiados_pt_rn.zip;n
filiados_pt_ro.zip;n
filiados_pt_rr.zip;n
filiados_pt_rs.zip;n
filiados_pt_sc.zip;n
filiados_pt_se.zip;n
filiados_pt_sp.zip;n
filiados_pt_to.zip;n
filiados_pt_do_b_ac.zip;n
filiados_pt_do_b_al.zip;n
filiados_pt_do_b_am.zip;n
filiados_pt_do_b_ap.zip;n
filiados_pt_do_b_ba.zip;n
filiados_pt_do_b_ce.zip;n
filiados_pt_do_b_df.zip;n
filiados_pt_do_b_es.zip;n
filiados_pt_do_b_go.zip;n
filiados_pt_do_b_ma.zip;n
filiados_pt_do_b_ms.zip;n
filiados_pt_do_b_mt.zip;n
filiados_pt_do_b_pa.zip;n
filiados_pt_do_b_pb.zip;n
filiados_pt_do_b_pe.zip;n
filiados_pt_do_b_pi.zip;n
filiados_pt_do_b_pr.zip;n
filiados_pt_do_b_rj.zip;n
filiados_pt_do_b_rn.zip;n
filiados_pt_do_b_ro.zip;n
filiados_pt_do_b_rr.zip;n
filiados_pt_do_b_rs.zip;n
filiados_pt_do_b_sc.zip;n
filiados_pt_do_b_se.zip;n
filiados_pt_do_b_sp.zip;n
filiados_pt_do_b_to.zip;n
filiados_ptb_ac.zip;n
filiados_ptb_al.zip;n
filiados_ptb_am.zip;n
filiados_ptb_ap.zip;n
filiados_ptb_ba.zip;n
filiados_ptb_ce.zip;n
filiados_ptb_df.zip;n
filiados_ptb_es.zip;n
filiados_ptb_go.zip;n
filiados_ptb_ma.zip;n
filiados_ptb_ms.zip;n
filiados_ptb_mt.zip;n
filiados_ptb_pa.zip;n
filiados_ptb_pb.zip;n
filiados_ptb_pe.zip;n
filiados_ptb_pi.zip;n
filiados_ptb_pr.zip;n
filiados_ptb_rj.zip;n
filiados_ptb_rn.zip;n
filiados_ptb_ro.zip;n
filiados_ptb_rr.zip;n
filiados_ptb_rs.zip;n
filiados_ptb_sc.zip;n
filiados_ptb_se.zip;n
filiados_ptb_sp.zip;n
filiados_ptb_to.zip;n
filiados_ptc_ac.zip;n
filiados_ptc_al.zip;n
filiados_ptc_am.zip;n
filiados_ptc_ap.zip;n
filiados_ptc_ba.zip;n
filiados_ptc_ce.zip;n
filiados_ptc_df.zip;n
filiados_ptc_es.zip;n
filiados_ptc_go.zip;n
filiados_ptc_ma.zip;n
filiados_ptc_ms.zip;n
filiados_ptc_mt.zip;n
filiados_ptc_pa.zip;n
filiados_ptc_pb.zip;n
filiados_ptc_pe.zip;n
filiados_ptc_pi.zip;n
filiados_ptc_pr.zip;n
filiados_ptc_rj.zip;n
filiados_ptc_rn.zip;n
filiados_ptc_ro.zip;n
filiados_ptc_rr.zip;n
filiados_ptc_rs.zip;n
filiados_ptc_sc.zip;n
filiados_ptc_se.zip;n
filiados_ptc_sp.zip;n
filiados_ptc_to.zip;n
filiados_ptn_ac.zip;n
filiados_ptn_al.zip;n
filiados_ptn_am.zip;n
filiados_ptn_ap.zip;n
filiados_ptn_ba.zip;n
filiados_ptn_ce.zip;n
filiados_ptn_df.zip;n
filiados_ptn_es.zip;n
filiados_ptn_go.zip;n
filiados_ptn_ma.zip;n
filiados_ptn_ms.zip;n
filiados_ptn_mt.zip;n
filiados_ptn_pa.zip;n
filiados_ptn_pb.zip;n
filiados_ptn_pe.zip;n
filiados_ptn_pi.zip;n
filiados_ptn_pr.zip;n
filiados_ptn_rj.zip;n
filiados_ptn_rn.zip;n
filiados_ptn_ro.zip;n
filiados_ptn_rr.zip;n
filiados_ptn_rs.zip;n
filiados_ptn_sc.zip;n
filiados_ptn_se.zip;n
filiados_ptn_sp.zip;n
filiados_ptn_to.zip;n
filiados_pv_ac.zip;n
filiados_pv_al.zip;n
filiados_pv_am.zip;n
filiados_pv_ap.zip;n
filiados_pv_ba.zip;n
filiados_pv_ce.zip;n
filiados_pv_df.zip;n
filiados_pv_es.zip;n
filiados_pv_go.zip;n
filiados_pv_ma.zip;n
filiados_pv_ms.zip;n
filiados_pv_mt.zip;n
filiados_pv_pa.zip;n
filiados_pv_pb.zip;n
filiados_pv_pe.zip;n
filiados_pv_pi.zip;n
filiados_pv_pr.zip;n
filiados_pv_rj.zip;n
filiados_pv_rn.zip;n
filiados_pv_ro.zip;n
filiados_pv_rr.zip;n
filiados_pv_rs.zip;n
filiados_pv_sc.zip;n
filiados_pv_se.zip;n
filiados_pv_sp.zip;n
filiados_pv_to.zip;n
filiados_rede_ac.zip;n
filiados_rede_al.zip;n
filiados_rede_am.zip;n
filiados_rede_ap.zip;n
filiados_rede_ba.zip;n
filiados_rede_ce.zip;n
filiados_rede_df.zip;n
filiados_rede_es.zip;n
filiados_rede_go.zip;n
filiados_rede_ma.zip;n
filiados_rede_ms.zip;n
filiados_rede_mt.zip;n
filiados_rede_pa.zip;n
filiados_rede_pb.zip;n
filiados_rede_pe.zip;n
filiados_rede_pi.zip;n
filiados_rede_pr.zip;n
filiados_rede_rj.zip;n
filiados_rede_rn.zip;n
filiados_rede_ro.zip;n
filiados_rede_rr.zip;n
filiados_rede_rs.zip;n
filiados_rede_sc.zip;n
filiados_rede_se.zip;n
filiados_rede_sp.zip;n
filiados_rede_to.zip;n
filiados_sd_ac.zip;n
filiados_sd_al.zip;n
filiados_sd_am.zip;n
filiados_sd_ap.zip;n
filiados_sd_ba.zip;n
filiados_sd_ce.zip;n
filiados_sd_df.zip;n
filiados_sd_es.zip;n
filiados_sd_go.zip;n
filiados_sd_ma.zip;n
filiados_sd_ms.zip;n
filiados_sd_mt.zip;n
filiados_sd_pa.zip;n
filiados_sd_pb.zip;n
filiados_sd_pe.zip;n
filiados_sd_pi.zip;n
filiados_sd_pr.zip;n
filiados_sd_rj.zip;n
filiados_sd_rn.zip;n
filiados_sd_ro.zip;n
filiados_sd_rr.zip;n
filiados_sd_rs.zip;n
filiados_sd_sc.zip;n
filiados_sd_se.zip;n
filiados_sd_sp.zip;n
filiados_sd_to.zip;n
